resource_id,project_id,resource_name,role,allocated_hours,actual_hours
RES001,PRJ001,"Eleanor Baker","Data Analyst",380,349
RES002,PRJ001,"Wayne Gough","QA Analyst",401,380
RES003,PRJ001,"Bernard Wilkinson-Simpson","Project Coordinator",241,223
RES004,PRJ001,"Mrs Julia Harris","Change Manager",406,472
RES005,PRJ001,"Dylan Young","Change Manager",981,856
RES006,PRJ001,"Ms Lindsey Rees","Change Manager",747,612
RES007,PRJ001,"Geoffrey Griffin","Data Analyst",739,807
RES008,PRJ001,"Megan Taylor","QA Analyst",788,609
RES009,PRJ002,"Miss Carole Woods","Project Coordinator",615,613
RES010,PRJ002,"Ms Sheila Evans","QA Analyst",827,631
RES011,PRJ002,"Aaron Harrison","QA Analyst",675,650
RES012,PRJ002,"Brandon Hammond","Technical Lead",783,853
RES013,PRJ002,"Graham Wilkinson","Change Manager",392,463
RES014,PRJ002,"Amanda Hall","Product Owner",927,655
RES015,PRJ002,"Frances Holmes-Lloyd",Developer,125,113
RES016,PRJ002,"Mrs Pauline Fuller","Business Analyst",786,574
RES017,PRJ002,"Dr Marc Phillips",Engineer,868,982
RES018,PRJ003,"Ruth Hawkins",Engineer,249,289
RES019,PRJ003,"Ms Jill Morley",Engineer,308,343
RES020,PRJ003,"Bernard Wilkins","Business Analyst",467,535
RES021,PRJ003,"Catherine Morris",Developer,730,859
RES022,PRJ003,"Wayne Morris","Change Manager",985,811
RES023,PRJ003,"Dr Paula Lloyd","Change Manager",498,413
RES024,PRJ004,"Kathryn Hughes",Engineer,809,861
RES025,PRJ004,"Mr William Gould","Product Owner",496,460
RES026,PRJ004,"Bethan Oliver","QA Analyst",665,485
RES027,PRJ004,"Lorraine Palmer",Engineer,307,319
RES028,PRJ004,"Arthur Smith","Finance Analyst",949,782
RES029,PRJ004,"Christopher Davies","QA Analyst",873,893
RES030,PRJ004,"Bethan Young","Technical Lead",301,339
RES031,PRJ004,"Dr Danny Cook","Data Analyst",401,379
RES032,PRJ004,"Marion Steele-Harper",Developer,291,357
RES033,PRJ004,"Wayne Page-Carter","Change Manager",222,201
RES034,PRJ005,"Alexander Taylor",Engineer,669,565
RES035,PRJ005,"Frances Buckley-Ryan","Project Coordinator",698,813
RES036,PRJ005,"Ms Kayleigh Watson","Business Analyst",438,418
RES037,PRJ005,"David Anderson","Project Coordinator",140,109
RES038,PRJ005,"John Griffiths","QA Analyst",711,517
RES039,PRJ005,"Miss Alice Tomlinson","Technical Lead",963,1024
RES040,PRJ005,"Simon Cunningham","Finance Analyst",908,921
RES041,PRJ006,"Joshua Stewart",Developer,902,982
RES042,PRJ006,"Philip Clarke","Change Manager",325,398
RES043,PRJ006,"Henry O'Brien","Change Manager",169,191
RES044,PRJ006,"Leon Davison","Project Coordinator",525,524
RES045,PRJ006,"Kayleigh Mitchell","Product Owner",194,173
RES046,PRJ006,"Oliver Edwards-Matthews","Data Analyst",779,687
RES047,PRJ007,"Victor Patel",Engineer,323,394
RES048,PRJ007,"Eric O'Neill","Technical Lead",643,618
RES049,PRJ007,"Charlotte Haynes","Change Manager",943,1050
RES050,PRJ007,"Martyn Wilson","Business Analyst",217,231
RES051,PRJ007,"Sarah Hammond","Finance Analyst",346,414
RES052,PRJ007,"Robert Wilson","Technical Lead",736,613
RES053,PRJ008,"Maria Bruce","QA Analyst",490,589
RES054,PRJ008,"Olivia King",Developer,495,416
RES055,PRJ008,"Kayleigh Daniels",Engineer,125,150
RES056,PRJ008,"Gerard Jones","QA Analyst",626,714
RES057,PRJ009,"Dr Dennis Bates","Finance Analyst",144,124
RES058,PRJ009,"Lydia Williams","Data Analyst",428,420
RES059,PRJ009,"Dr Joan Taylor",Developer,271,334
RES060,PRJ009,"Hazel Lambert","Change Manager",646,454
RES061,PRJ009,"Adam Long",Developer,315,336
RES062,PRJ009,"Leslie Roberts-Griffiths","Data Analyst",985,1060
RES063,PRJ009,"Barbara Wilkinson",Developer,310,308
RES064,PRJ010,"Kirsty Akhtar","Product Owner",762,875
RES065,PRJ010,"Harry Gardiner",Developer,864,930
RES066,PRJ010,"Melissa Mann","Business Analyst",570,623
RES067,PRJ010,"Mr Peter Riley","Business Analyst",189,139
RES068,PRJ010,"Thomas Morgan","Project Coordinator",913,765
RES069,PRJ010,"Mr Jake Stevenson",Developer,688,792
RES070,PRJ010,"Kenneth Taylor",Engineer,517,472
RES071,PRJ010,"Jennifer Lamb","Product Owner",543,474
RES072,PRJ010,"Miss Carole Hussain","Product Owner",789,603
RES073,PRJ011,"Ricky Adams-Jones","Technical Lead",164,182
RES074,PRJ011,"Stephanie Lloyd","Technical Lead",146,158
RES075,PRJ011,"Leah Newman",Developer,466,564
RES076,PRJ011,"Sally George",Developer,396,448
RES077,PRJ012,"Shane Kerr","Technical Lead",188,160
RES078,PRJ012,"Mr Matthew Hunt","Finance Analyst",490,449
RES079,PRJ012,"Lucy Rees","Business Analyst",585,459
RES080,PRJ012,"Hazel Taylor","Data Analyst",239,265
RES081,PRJ012,"Mrs Ruth Smith","Change Manager",402,493
RES082,PRJ012,"Michael Bibi","Project Coordinator",405,434
RES083,PRJ013,"Miss Danielle Martin","QA Analyst",111,111
RES084,PRJ013,"Charles Smith-Byrne","Change Manager",244,187
RES085,PRJ013,"Brandon Hodgson","Business Analyst",686,705
RES086,PRJ013,"Mrs Rebecca Hale","Change Manager",660,805
RES087,PRJ013,"Adam Ford",Engineer,315,350
RES088,PRJ013,"Tina Pritchard","QA Analyst",316,292
RES089,PRJ013,"Mrs Lesley Charlton","Change Manager",245,193
RES090,PRJ013,"Beverley Lee","Data Analyst",731,847
RES091,PRJ013,"Derek Talbot-Scott","Data Analyst",217,173
RES092,PRJ013,"Arthur Bailey","Technical Lead",972,709
RES093,PRJ014,"Dr Mohamed Webb","Change Manager",572,603
RES094,PRJ014,"Holly Clark",Developer,397,424
RES095,PRJ014,"Julia Bryan",Engineer,200,161
RES096,PRJ014,"Sylvia Kelly-Ward","Technical Lead",598,731
RES097,PRJ014,"Elliott Davis","QA Analyst",231,246
RES098,PRJ014,"Duncan Smith","Data Analyst",202,173
RES099,PRJ014,"Mr Jordan Thomson",Developer,298,260
RES100,PRJ014,"Dr Daniel Harper","Finance Analyst",436,452
RES101,PRJ014,"Mr Stanley Robinson",Engineer,810,827
RES102,PRJ014,"Melissa Fisher","Technical Lead",680,612
RES103,PRJ015,"Mrs Victoria Tucker","Product Owner",272,191
RES104,PRJ015,"Keith Kaur-Lee","Data Analyst",904,742
RES105,PRJ015,"Martyn Kennedy","Product Owner",383,445
RES106,PRJ015,"Nicola Brookes","Project Coordinator",795,876
RES107,PRJ015,"Mr Antony Kelly","Finance Analyst",573,541
RES108,PRJ015,"Charlene Webb",Engineer,598,600
RES109,PRJ016,"Dr Dylan Morris","Technical Lead",183,212
RES110,PRJ016,"Amanda Simpson","Project Coordinator",651,526
RES111,PRJ016,"Mr Russell Jennings",Developer,844,625
RES112,PRJ016,"Mohammed Gill-Ali","Business Analyst",969,948
RES113,PRJ016,"Harry Phillips","Business Analyst",932,950
RES114,PRJ017,"Mr Karl Carr","Technical Lead",317,379
RES115,PRJ017,"Dr Jamie Ryan","Change Manager",366,365
RES116,PRJ017,"Clive Rogers","Change Manager",583,617
RES117,PRJ017,"Mr Nathan Brown","Project Coordinator",474,434
RES118,PRJ017,"Suzanne Mills","Technical Lead",850,995
RES119,PRJ017,"Mr Bradley Parsons","Project Coordinator",575,560
RES120,PRJ017,"Marc Davies",Developer,506,455
RES121,PRJ018,"Dr Stephen Clark","Data Analyst",968,1190
RES122,PRJ018,"Louise Jackson-Robinson","Technical Lead",800,632
RES123,PRJ018,"Michelle Anderson","Change Manager",243,229
RES124,PRJ018,"Miss Marion Butler","Project Coordinator",679,829
RES125,PRJ019,"Kevin Cooper","Project Coordinator",853,940
RES126,PRJ019,"Neil Smith","QA Analyst",141,115
RES127,PRJ019,"Charlie Winter-Bennett","Finance Analyst",337,247
RES128,PRJ019,"Glenn Peters","QA Analyst",339,245
RES129,PRJ019,"Albert Chapman-Williams","Data Analyst",630,755
RES130,PRJ019,"Roger Johnson","QA Analyst",497,476
RES131,PRJ019,"Benjamin Peters","Finance Analyst",147,106
RES132,PRJ019,"Tina Gordon-Miles","QA Analyst",205,222
RES133,PRJ019,"Miss Julia Clarke","Change Manager",748,864
RES134,PRJ020,"Dr Annette Morris",Engineer,692,691
RES135,PRJ020,"Cheryl Pearce","Project Coordinator",485,513
RES136,PRJ020,"Mrs Kathleen Hussain","QA Analyst",701,742
RES137,PRJ020,"Miss Joan Williams",Developer,629,527
RES138,PRJ020,"Kenneth Lewis","Data Analyst",628,579
RES139,PRJ020,"Mr Hugh Cunningham","QA Analyst",598,679
RES140,PRJ020,"Mohamed Parkinson","Technical Lead",106,103
RES141,PRJ020,"Mrs Elaine Davies","Project Coordinator",550,435
RES142,PRJ020,"Sandra Kennedy",Developer,626,659
RES143,PRJ020,"Lesley Robinson","Data Analyst",253,203
RES144,PRJ021,"Alan Murphy","Technical Lead",834,958
RES145,PRJ021,"Gerard Chamberlain","Data Analyst",524,600
RES146,PRJ021,"Alex Hughes-Smith",Developer,593,635
RES147,PRJ021,"Leigh Burgess","Finance Analyst",315,322
RES148,PRJ021,"Mr Phillip Lloyd","Product Owner",122,101
RES149,PRJ021,"Dr Peter Bevan","Project Coordinator",687,704
RES150,PRJ022,"Mr Julian Browne","Change Manager",140,166
RES151,PRJ022,"Brett Hill","Project Coordinator",157,124
RES152,PRJ022,"Joel Stephens","Project Coordinator",629,771
RES153,PRJ022,"Dr Stewart Sharp","Technical Lead",677,711
RES154,PRJ022,"Allan Burke",Engineer,187,153
RES155,PRJ023,"Francis Bartlett","Finance Analyst",988,953
RES156,PRJ023,"Frank Power-Mitchell","Data Analyst",950,879
RES157,PRJ023,"Dr Elliot Jones","Project Coordinator",913,931
RES158,PRJ023,"Valerie Williams","Project Coordinator",738,784
RES159,PRJ023,"Gareth Henry-Goodwin",Engineer,271,297
RES160,PRJ023,"Simon Khan","QA Analyst",564,579
RES161,PRJ023,"Lorraine Faulkner",Developer,335,304
RES162,PRJ023,"Kenneth Collins-Miles","Project Coordinator",211,149
RES163,PRJ024,"Donald Sanderson","Change Manager",800,744
RES164,PRJ024,"Anna McCarthy","Project Coordinator",720,542
RES165,PRJ024,"Mr Gerard Palmer","Finance Analyst",729,750
RES166,PRJ024,"Stacey Burns","Change Manager",615,684
RES167,PRJ024,"Dr Sara Morris",Developer,593,630
RES168,PRJ024,"Josh Bartlett","Technical Lead",652,753
RES169,PRJ024,"Jamie Sharpe","Product Owner",634,590
RES170,PRJ024,"Stephen McCarthy","Business Analyst",814,806
RES171,PRJ025,"Declan Roberts","Finance Analyst",908,1019
RES172,PRJ025,"Jake Gray-Bell","QA Analyst",703,803
RES173,PRJ025,"Vincent Payne","Technical Lead",200,186
RES174,PRJ025,"Mrs Patricia Graham",Engineer,588,659
RES175,PRJ025,"Kate Clayton",Developer,390,401
RES176,PRJ026,"Janice Mills-Murphy","Product Owner",363,291
RES177,PRJ026,"Dr Olivia Mitchell","Business Analyst",691,682
RES178,PRJ026,"Dr Malcolm Lee","Change Manager",107,96
RES179,PRJ026,"John Morris","Data Analyst",804,918
RES180,PRJ026,"Melanie Wilson","Product Owner",470,356
RES181,PRJ026,"Gail Thomas","Product Owner",767,783
RES182,PRJ026,"Catherine Ryan",Engineer,975,969
RES183,PRJ026,"Dorothy Wyatt","Technical Lead",474,491
RES184,PRJ027,"Jenna Davies","Product Owner",873,708
RES185,PRJ027,"Raymond Hall","Change Manager",902,908
RES186,PRJ027,"Sheila Thompson-Jenkins","Project Coordinator",479,482
RES187,PRJ027,"Kevin Hobbs-O'Brien","Finance Analyst",359,446
RES188,PRJ027,"Michelle Whitehead-Murray","Technical Lead",452,508
RES189,PRJ027,"Declan Walker","Product Owner",853,661
RES190,PRJ027,"Dr Sandra Wallis",Developer,865,714
RES191,PRJ027,"Terry Smith-Harrison","Project Coordinator",202,165
RES192,PRJ027,"Amelia Foster-O'Neill","Product Owner",904,801
RES193,PRJ028,"Michael Ward","Technical Lead",813,875
RES194,PRJ028,"Miss Janet Lowe","Business Analyst",264,241
RES195,PRJ028,"Mrs Anna Fuller","Business Analyst",923,692
RES196,PRJ028,"Alexandra Hunt","Project Coordinator",582,703
RES197,PRJ028,"Bernard Goddard","Product Owner",190,139
RES198,PRJ028,"Ms Amber Arnold","Data Analyst",479,356
RES199,PRJ028,"Cheryl Mann-Powell","Business Analyst",841,766
RES200,PRJ028,"Donald Williams","Product Owner",728,772
RES201,PRJ029,"Bryan Phillips-Barton","Technical Lead",158,192
RES202,PRJ029,"Mr Bradley Wallace","Project Coordinator",755,733
RES203,PRJ029,"Kate Pearce","Business Analyst",306,357
RES204,PRJ029,"Karl Holt","Change Manager",392,316
RES205,PRJ029,"Ben Clayton","Technical Lead",622,611
RES206,PRJ029,"Stacey Roberts","Data Analyst",729,578
RES207,PRJ030,"Miss Hilary Harrison","QA Analyst",344,364
RES208,PRJ030,"Ashleigh Boyle-Wells","Project Coordinator",188,234
RES209,PRJ030,"Alice Atkinson","Product Owner",461,492
RES210,PRJ030,"Ricky Reed","Product Owner",700,567
RES211,PRJ031,"Frank Berry-Hughes",Developer,192,192
RES212,PRJ031,"Mr Jordan Harris","Change Manager",696,620
RES213,PRJ031,"Ms Natasha Adams",Engineer,331,342
RES214,PRJ031,"Dr Julia Hill","Data Analyst",565,684
RES215,PRJ032,"Miss Stacey Campbell","Business Analyst",367,292
RES216,PRJ032,"Natasha Smith-O'Neill","Change Manager",209,210
RES217,PRJ032,"Sally Baldwin","Change Manager",401,355
RES218,PRJ032,"Leigh Gallagher",Developer,922,905
RES219,PRJ032,"Jodie White",Engineer,997,992
RES220,PRJ032,"Marcus Anderson","Technical Lead",356,385
RES221,PRJ032,"Alison Doyle","Product Owner",676,653
RES222,PRJ032,"Ms Kathleen Brown","Data Analyst",875,775
RES223,PRJ033,"Philip Robertson","Finance Analyst",797,759
RES224,PRJ033,"Julia Harris","Technical Lead",982,702
RES225,PRJ033,"Frances Taylor",Developer,364,268
RES226,PRJ033,"Lee Wong","Data Analyst",793,860
RES227,PRJ033,"Patrick Jones","QA Analyst",522,639
RES228,PRJ033,"Ronald Gallagher","Change Manager",648,457
RES229,PRJ033,"Hayley Singh",Engineer,354,303
RES230,PRJ033,"Kevin Fuller","Product Owner",789,877
RES231,PRJ033,"Dr Deborah Mellor","QA Analyst",177,177
RES232,PRJ033,"Richard Hayes","Project Coordinator",587,512
RES233,PRJ034,"Dr Luke Turner","Technical Lead",375,300
RES234,PRJ034,"Ashleigh Miller","Data Analyst",610,674
RES235,PRJ034,"Joel James","Data Analyst",853,710
RES236,PRJ034,"Amber Palmer",Engineer,311,256
RES237,PRJ034,"Kieran Taylor","Data Analyst",956,994
RES238,PRJ035,"Miss Ruth Houghton",Developer,222,267
RES239,PRJ035,"Adam May","Finance Analyst",728,512
RES240,PRJ035,"Aimee Kelly","Change Manager",143,166
RES241,PRJ035,"Simon Fraser","QA Analyst",735,642
RES242,PRJ035,"Julia Tucker","Technical Lead",989,841
RES243,PRJ036,"Yvonne Price","Change Manager",386,354
RES244,PRJ036,"Damian Harris","Technical Lead",231,168
RES245,PRJ036,"Dawn Goddard","Product Owner",589,716
RES246,PRJ036,"Julian Hammond-Barnes","Business Analyst",614,547
RES247,PRJ036,"Aimee Wright-Roberts","Project Coordinator",568,702
RES248,PRJ037,"Kirsty Clark","Change Manager",571,498
RES249,PRJ037,"Josephine Bray","Business Analyst",112,119
RES250,PRJ037,"Rachel Hammond-Thompson","Product Owner",694,524
RES251,PRJ037,"Hilary Morris-Pearce","QA Analyst",727,853
RES252,PRJ037,"Beverley Harvey-Holmes","Project Coordinator",661,558
RES253,PRJ037,"Reece Hewitt-Knight",Engineer,582,714
RES254,PRJ037,"Gerald Francis","QA Analyst",474,379
RES255,PRJ037,"Alexandra Hunter","Product Owner",315,293
RES256,PRJ037,"Malcolm Payne","QA Analyst",473,553
RES257,PRJ038,"Hazel Lee","Finance Analyst",284,288
RES258,PRJ038,"Billy Watson","Technical Lead",802,662
RES259,PRJ038,"Dr Gerard Thomas",Developer,838,711
RES260,PRJ038,"Mr Damian Reynolds","Data Analyst",668,626
RES261,PRJ038,"Bradley Clayton","Product Owner",300,234
RES262,PRJ038,"Charlie Thomson","Project Coordinator",584,667
RES263,PRJ039,"Jordan Jones","Product Owner",611,472
RES264,PRJ039,"Miss Georgia Davies","Change Manager",646,708
RES265,PRJ039,"Mr Roger Ali","Finance Analyst",407,341
RES266,PRJ039,"Gareth Adams","Technical Lead",148,136
RES267,PRJ039,"Mrs Carole Nicholson","Project Coordinator",161,131
RES268,PRJ040,"Georgia Clark-Clements","Finance Analyst",959,1003
RES269,PRJ040,"Mr Hugh Taylor","Finance Analyst",862,762
RES270,PRJ040,"Russell Holloway","QA Analyst",468,471
RES271,PRJ040,"Jeremy Johnson",Engineer,452,321
RES272,PRJ040,"Terry Williams",Developer,459,540
RES273,PRJ040,"Clare Phillips","Technical Lead",303,308
RES274,PRJ041,"Dawn Williams","Change Manager",278,344
RES275,PRJ041,"Norman O'Neill-Simpson",Engineer,463,406
RES276,PRJ041,"Trevor Ellis","Change Manager",599,674
RES277,PRJ041,"Julia Brown-Miles","Finance Analyst",180,163
RES278,PRJ041,"Amy Hall",Engineer,574,601
RES279,PRJ041,"Josephine Lee","Project Coordinator",989,783
RES280,PRJ041,"Jacob Bond","QA Analyst",531,556
RES281,PRJ041,"Lynne Lee-Robinson","Technical Lead",514,599
RES282,PRJ041,"Carole Fisher",Developer,181,142
RES283,PRJ042,"Ms Abbie Buckley","QA Analyst",424,449
RES284,PRJ042,"Janet White",Engineer,719,758
RES285,PRJ042,"Dr Ronald McDonald",Engineer,555,626
RES286,PRJ042,"Aaron Perry","QA Analyst",865,884
RES287,PRJ042,"Leanne Smart-Jackson","Finance Analyst",523,414
RES288,PRJ043,"Duncan Taylor","Business Analyst",228,250
RES289,PRJ043,"Max Jones",Engineer,861,934
RES290,PRJ043,"Dr Carole Begum",Developer,315,249
RES291,PRJ043,"Mr Damien Smith",Developer,197,144
RES292,PRJ043,"Ms Chelsea Thomas","Finance Analyst",661,482
RES293,PRJ043,"Frank Cole-Barker","Product Owner",636,712
RES294,PRJ043,"Ms Mandy Arnold",Developer,206,173
RES295,PRJ043,"Lynda Arnold","Project Coordinator",186,197
RES296,PRJ043,"Mrs Beverley Spencer","Product Owner",416,343
RES297,PRJ043,"Thomas Wood",Engineer,553,577
RES298,PRJ044,"Ms Lisa Jones","Change Manager",958,760
RES299,PRJ044,"Judith Johnson-Simmons","Business Analyst",779,698
RES300,PRJ044,"Maria Davis","QA Analyst",984,946
RES301,PRJ044,"Dr Sam Johnson","Change Manager",378,378
RES302,PRJ044,"Dr Mathew Fowler","Project Coordinator",814,811
RES303,PRJ045,"Elaine Yates","Technical Lead",567,593
RES304,PRJ045,"Pauline Morris-Williams","Technical Lead",545,538
RES305,PRJ045,"Ellie Campbell","Change Manager",417,500
RES306,PRJ045,"Melissa Thompson","Finance Analyst",652,537
RES307,PRJ045,"Lauren Thomas-Coles",Developer,552,479
RES308,PRJ045,"Eleanor Patel-Lane","Product Owner",366,287
RES309,PRJ045,"Russell Armstrong","Business Analyst",100,98
RES310,PRJ045,"Mr Graham Jarvis","Project Coordinator",452,387
RES311,PRJ046,"Karl Bibi","Business Analyst",804,970
RES312,PRJ046,"Rachael Walker","Finance Analyst",406,286
RES313,PRJ046,"Megan Hall","Product Owner",917,789
RES314,PRJ046,"Fiona Smith-Potts","Data Analyst",915,644
RES315,PRJ046,"Dr Gareth Davies","QA Analyst",293,271
RES316,PRJ046,"Deborah Williams","Change Manager",547,501
RES317,PRJ046,"Miss Frances Hunt","Project Coordinator",832,919
RES318,PRJ046,"Malcolm Murphy-Atkins","Product Owner",948,860
RES319,PRJ047,"Dr Michelle Smith",Developer,532,555
RES320,PRJ047,"Antony Allen","Change Manager",882,1005
RES321,PRJ047,"Sean Brown-Burke","Technical Lead",926,1001
RES322,PRJ047,"Miss Rebecca Armstrong",Engineer,391,413
RES323,PRJ047,"Peter Walker","Change Manager",928,786
RES324,PRJ047,"Frederick Lee-Cooke","Data Analyst",973,717
RES325,PRJ048,"Mr Leon Roberts",Engineer,213,223
RES326,PRJ048,"Ellie Bates","Technical Lead",563,478
RES327,PRJ048,"Annette Davey-Read","Technical Lead",603,484
RES328,PRJ048,"Brian Johnson","Business Analyst",255,185
RES329,PRJ048,"Brandon Thomas","Change Manager",122,97
RES330,PRJ049,"Dr Andrew Jackson",Engineer,375,288
RES331,PRJ049,"Gary Green-Harris","Finance Analyst",844,594
RES332,PRJ049,"Gavin Jarvis-Daniels",Developer,254,179
RES333,PRJ049,"Justin Hill","Data Analyst",450,419
RES334,PRJ050,"Jennifer Smith-West","Finance Analyst",480,458
RES335,PRJ050,"Sean Morris","Business Analyst",438,325
RES336,PRJ050,"Mrs Joan Robson","Project Coordinator",157,132
RES337,PRJ050,"Jade Taylor","Product Owner",173,172
RES338,PRJ050,"Tom Robinson-Morgan","Project Coordinator",296,353
RES339,PRJ050,"Dr Jordan Pearson",Engineer,936,851
RES340,PRJ050,"Holly Wilkinson","Business Analyst",224,276
RES341,PRJ050,"Jeffrey Davies","Data Analyst",494,555
RES342,PRJ050,"Wayne Jackson","Finance Analyst",353,390
RES343,PRJ050,"Dr Alexander Davies","Business Analyst",303,288
RES344,PRJ051,"James Bibi",Developer,633,674
RES345,PRJ051,"Ben Austin","Data Analyst",584,533
RES346,PRJ051,"Josephine Collins",Engineer,430,338
RES347,PRJ051,"Dr Bruce Atkins","Business Analyst",862,1047
RES348,PRJ051,"Mrs Diane Thomas","Change Manager",225,188
RES349,PRJ051,"Kathleen Turner",Engineer,303,272
RES350,PRJ051,"Sophie Henry","Business Analyst",984,1049
RES351,PRJ051,"Joseph McCarthy",Developer,341,357
RES352,PRJ051,"Dr Francesca Cox","QA Analyst",115,91
RES353,PRJ051,"Lynne Waters",Engineer,698,534
RES354,PRJ052,"Dr Mohammad Miles","Data Analyst",109,134
RES355,PRJ052,"Christine Marshall-Brennan","Technical Lead",902,974
RES356,PRJ052,"Terence Davis","Technical Lead",258,233
RES357,PRJ052,"Amelia Owen",Developer,354,278
RES358,PRJ052,"Antony Long",Developer,802,834
RES359,PRJ052,"Barbara Morgan-Wells","Business Analyst",161,144
RES360,PRJ052,"Dr Jordan Adams","Project Coordinator",818,813
RES361,PRJ052,"Stanley Anderson",Developer,228,220
RES362,PRJ052,"Jessica Fitzgerald","QA Analyst",671,760
RES363,PRJ052,"Samantha Greenwood","QA Analyst",924,1100
RES364,PRJ053,"Janet Burke","Data Analyst",121,130
RES365,PRJ053,"Stuart Grant","QA Analyst",841,651
RES366,PRJ053,"Mr Roger Russell","Business Analyst",596,648
RES367,PRJ053,"Mr Ashley Taylor","Change Manager",401,400
RES368,PRJ053,"Emily Henderson","Finance Analyst",294,297
RES369,PRJ053,"Mr William Benson","Change Manager",456,400
RES370,PRJ053,"Emily Brown","Finance Analyst",381,448
RES371,PRJ053,"Mr Billy Turnbull","Technical Lead",981,985
RES372,PRJ053,"Holly Barnett",Developer,643,504
RES373,PRJ054,"Rhys Carey-Morris",Engineer,654,589
RES374,PRJ054,"Francis Hobbs","Business Analyst",894,939
RES375,PRJ054,"Bryan Griffiths","Product Owner",851,682
RES376,PRJ054,"Jamie Harding","Business Analyst",734,859
RES377,PRJ054,"Lydia Bishop","Technical Lead",344,301
RES378,PRJ054,"Danny Robson",Developer,774,953
RES379,PRJ055,"Marilyn Baker","Product Owner",294,290
RES380,PRJ055,"Mrs Grace Edwards","Finance Analyst",884,886
RES381,PRJ055,"Alan Sutton","Technical Lead",389,341
RES382,PRJ055,"Ms Charlotte Clarke","QA Analyst",213,160
RES383,PRJ055,"Elliott Grant",Developer,144,166
RES384,PRJ055,"Ben Palmer-Anderson","Project Coordinator",282,332
RES385,PRJ055,"Carole Lowe-Sykes","Data Analyst",209,202
RES386,PRJ055,"Mr Toby Horton",Developer,132,133
RES387,PRJ055,"Mr Robin Price","Product Owner",773,749
RES388,PRJ055,"Chelsea Cook","Technical Lead",818,838
RES389,PRJ056,"Marc Sanderson","QA Analyst",326,336
RES390,PRJ056,"Sally Pugh",Developer,113,136
RES391,PRJ056,"Scott Patel","Data Analyst",771,748
RES392,PRJ056,"Amelia Preston",Developer,579,660
RES393,PRJ057,"Joanne Lee","QA Analyst",671,744
RES394,PRJ057,"Alexandra Glover","Product Owner",941,849
RES395,PRJ057,"Christian Barker-Humphreys","Business Analyst",943,980
RES396,PRJ057,"Leonard Moore","Change Manager",141,155
RES397,PRJ058,"Benjamin Ali",Engineer,179,218
RES398,PRJ058,"Dr Richard Morgan","Change Manager",199,150
RES399,PRJ058,"Dean Parsons","Data Analyst",644,587
RES400,PRJ058,"Howard Kelly","Data Analyst",638,677
RES401,PRJ058,"Cameron Wilson","Technical Lead",740,903
RES402,PRJ058,"Melanie Brady","Change Manager",867,873
RES403,PRJ058,"Mrs Olivia Allen",Developer,884,929
RES404,PRJ058,"Dr Leonard Simpson","QA Analyst",790,752
RES405,PRJ058,"Mr Leon Murray","Product Owner",206,163
RES406,PRJ058,"Dr Stephen Gardner","Project Coordinator",663,610
RES407,PRJ059,"Dean Woodward-Dodd","Project Coordinator",646,806
RES408,PRJ059,"Rachel Sullivan","Finance Analyst",460,550
RES409,PRJ059,"Mrs Rachel Cox","Change Manager",432,503
RES410,PRJ059,"Joanne Morris","Product Owner",882,924
RES411,PRJ059,"Paige Burton","QA Analyst",723,601
RES412,PRJ059,"Ms Sheila Webster","Change Manager",319,289
RES413,PRJ060,"Mrs Margaret Bryan",Engineer,468,575
RES414,PRJ060,"Mr Tom Reeves","Finance Analyst",506,354
RES415,PRJ060,"Mohamed Douglas","Business Analyst",391,401
RES416,PRJ060,"Ross Carroll","Change Manager",238,296
RES417,PRJ060,"Molly Clark",Engineer,106,91
RES418,PRJ060,"Mrs Jean Davies","Data Analyst",319,373
RES419,PRJ060,"Norman Hill","Business Analyst",890,1025
RES420,PRJ060,"Gemma Quinn-Robinson",Engineer,666,653
RES421,PRJ061,"Sarah Martin","Technical Lead",258,193
RES422,PRJ061,"Diane Miller","Finance Analyst",464,364
RES423,PRJ061,"Maureen O'Neill-Stephenson",Engineer,475,564
RES424,PRJ061,"Ms Emily Palmer","Data Analyst",338,284
RES425,PRJ061,"Geoffrey Knight-Lee",Engineer,194,196
RES426,PRJ061,"Dr Alan Frost","Technical Lead",322,355
RES427,PRJ061,"Michael Williams-Nicholls","QA Analyst",911,879
RES428,PRJ061,"Sally Allen","Finance Analyst",945,1128
RES429,PRJ062,"Reece Ellis","Technical Lead",939,1126
RES430,PRJ062,"Miss Amy Gibbons","Technical Lead",757,654
RES431,PRJ062,"Ms Rosie Nicholls","Technical Lead",490,364
RES432,PRJ062,"Jeremy Nicholson-Watts","Business Analyst",889,785
RES433,PRJ062,"Marion Fox","Product Owner",526,637
RES434,PRJ062,"Simon Byrne",Developer,990,1112
RES435,PRJ062,"Judith Morton-Marsh","Technical Lead",111,116
RES436,PRJ062,"Kathryn Parkinson","Product Owner",155,134
RES437,PRJ062,"Conor O'Connor","Business Analyst",426,424
RES438,PRJ063,"Dr Clive Wood","QA Analyst",614,665
RES439,PRJ063,"Mr Terence Webb","Project Coordinator",151,161
RES440,PRJ063,"Sandra Coleman-Gould","Product Owner",556,619
RES441,PRJ063,"Mr Craig Watson","Technical Lead",616,461
RES442,PRJ063,"Louis Hall","Product Owner",396,448
RES443,PRJ064,"Gregory Patterson","Project Coordinator",444,330
RES444,PRJ064,"Danny Woods","Technical Lead",863,627
RES445,PRJ064,"Shaun Taylor","Product Owner",368,274
RES446,PRJ064,"Charles Hayes","Change Manager",544,612
RES447,PRJ064,"Marie Williams","Project Coordinator",880,681
RES448,PRJ065,"Valerie Wright-Parsons","Data Analyst",599,549
RES449,PRJ065,"Denise Hall","Technical Lead",300,302
RES450,PRJ065,"Jacqueline Connolly","Change Manager",352,293
RES451,PRJ065,"Lisa Berry-Stewart",Engineer,895,838
RES452,PRJ065,"Cheryl Wright","Technical Lead",191,145
RES453,PRJ065,"Dr Leah Naylor","Product Owner",533,480
RES454,PRJ065,"Mr Eric Walker","Data Analyst",428,380
RES455,PRJ065,"Victor Kay","Business Analyst",888,770
RES456,PRJ066,"Frank Knight","Technical Lead",941,1171
RES457,PRJ066,"Kimberley Webb","Finance Analyst",738,575
RES458,PRJ066,"Dr Luke Pollard","Business Analyst",937,776
RES459,PRJ066,"Nicola Smith","QA Analyst",259,289
RES460,PRJ066,"Gerald Barry",Developer,215,237
RES461,PRJ066,"Jason Evans","Data Analyst",735,889
RES462,PRJ067,"Georgina Hanson-Haynes",Engineer,114,101
RES463,PRJ067,"Richard Pearson",Developer,412,390
RES464,PRJ067,"Mohammed Collins","Business Analyst",439,357
RES465,PRJ067,"Ashleigh Davies","Change Manager",316,256
RES466,PRJ067,"Hayley Wood-Moss","Change Manager",868,731
RES467,PRJ067,"Keith Shepherd","Finance Analyst",737,811
RES468,PRJ067,"Mohamed Dale","Project Coordinator",811,879
RES469,PRJ067,"Miss Jill Harrison","Business Analyst",485,495
RES470,PRJ067,"Ms Hilary Walters","Change Manager",144,121
RES471,PRJ067,"Denise Moore","Business Analyst",390,316
RES472,PRJ068,"Roger Bradley","Technical Lead",377,274
RES473,PRJ068,"Bruce Norton","Business Analyst",168,153
RES474,PRJ068,"Glenn Walker-Green",Engineer,778,909
RES475,PRJ068,"Phillip Buckley","QA Analyst",985,747
RES476,PRJ068,"Paula Herbert",Engineer,988,1171
RES477,PRJ068,"Kerry May","Product Owner",336,416
RES478,PRJ068,"Lewis Wilson","Change Manager",826,623
RES479,PRJ068,"Ann Hamilton","QA Analyst",596,701
RES480,PRJ068,"Mr Howard Welch","Change Manager",190,152
RES481,PRJ069,"Mr Mohamed Holt","Finance Analyst",674,815
RES482,PRJ069,"Mr Joel Patel","Business Analyst",140,117
RES483,PRJ069,"Katie Holden","Change Manager",412,363
RES484,PRJ069,"Mr Gerald Thomas","Product Owner",862,677
RES485,PRJ069,"Ms Melissa Morrison","QA Analyst",800,714
RES486,PRJ069,"Dr Connor Wilkinson",Engineer,341,425
RES487,PRJ069,"Marie Cooke-O'Connor","Change Manager",382,437
RES488,PRJ069,"Mitchell Robinson",Engineer,999,912
RES489,PRJ070,"Patrick Marsh","Business Analyst",668,816
RES490,PRJ070,"Arthur Fletcher","Data Analyst",255,226
RES491,PRJ070,"Caroline Roberts","Product Owner",772,598
RES492,PRJ070,"Hayley Barnett","Product Owner",633,777
RES493,PRJ070,"Christian Naylor","Technical Lead",993,1036
RES494,PRJ070,"Jayne Barton","Data Analyst",527,438
RES495,PRJ070,"Patricia Miller-Sharpe","Project Coordinator",536,661
RES496,PRJ070,"Liam Holden","Technical Lead",437,413
RES497,PRJ070,"Natalie Warren","Project Coordinator",311,329
RES498,PRJ070,"Mrs Lynne Manning","Technical Lead",654,703
RES499,PRJ071,"Christian Smith","Project Coordinator",416,448
RES500,PRJ071,"Joanna Wilson","Change Manager",238,222
RES501,PRJ071,"Mrs Gail Goodwin","Project Coordinator",771,935
RES502,PRJ071,"Diane Thomas","Project Coordinator",425,313
RES503,PRJ071,"Dr Damien Holden","Change Manager",836,639
RES504,PRJ072,"Dr Francis Richards","Project Coordinator",844,604
RES505,PRJ072,"Julie Smith","QA Analyst",523,642
RES506,PRJ072,"Mr Henry Singh",Engineer,553,613
RES507,PRJ072,"Arthur Davison",Engineer,255,287
RES508,PRJ072,"Dr Terence Hodgson",Developer,234,187
RES509,PRJ072,"Alice Burton","Technical Lead",731,618
RES510,PRJ073,"Dr Ryan Griffiths","Technical Lead",336,345
RES511,PRJ073,"Joel Wilkinson","Data Analyst",803,573
RES512,PRJ073,"Douglas Allen",Developer,804,907
RES513,PRJ073,"Steven Harris-Winter","Project Coordinator",614,715
RES514,PRJ073,"Ms Jemma Fletcher","Finance Analyst",829,876
RES515,PRJ073,"Albert Cunningham","Project Coordinator",972,887
RES516,PRJ073,"Mrs Marian Dunn","Finance Analyst",240,189
RES517,PRJ073,"Mr Gordon Wong","Data Analyst",133,122
RES518,PRJ074,"Ellie Cooper",Engineer,522,429
RES519,PRJ074,"Miss Julie Evans","Data Analyst",875,710
RES520,PRJ074,"Debra Smith","Project Coordinator",549,646
RES521,PRJ074,"Terry Webb","Finance Analyst",804,706
RES522,PRJ075,"Mohammed Browne","Data Analyst",537,495
RES523,PRJ075,"Miss Sian Jarvis","Business Analyst",722,797
RES524,PRJ075,"Dr Damien Jones","Product Owner",837,729
RES525,PRJ075,"Mary Collins","Technical Lead",860,872
RES526,PRJ075,"Dr Jack Harris","Change Manager",637,670
RES527,PRJ075,"Caroline Young","Business Analyst",633,481
RES528,PRJ075,"Miss Molly Matthews","Finance Analyst",946,1118
RES529,PRJ076,"Dr Malcolm Sims","Change Manager",650,596
RES530,PRJ076,"Neil Hussain","Business Analyst",671,612
RES531,PRJ076,"Mr Toby Ross","Business Analyst",294,252
RES532,PRJ076,"Sheila Williams","Product Owner",411,462
RES533,PRJ076,"Dr Lorraine Cook",Engineer,572,452
RES534,PRJ077,"Rachael Marshall","Technical Lead",155,167
RES535,PRJ077,"Miss Patricia Wood","Project Coordinator",574,663
RES536,PRJ077,"Alexandra Foster","Finance Analyst",192,210
RES537,PRJ077,"Mr Abdul Harris",Developer,284,320
RES538,PRJ077,"Hannah Mills","Change Manager",238,218
RES539,PRJ077,"Natasha Williams-Edwards","QA Analyst",561,400
RES540,PRJ078,"Beth Williams","Technical Lead",829,988
RES541,PRJ078,"Michael Wood","Finance Analyst",192,160
RES542,PRJ078,"Dr Valerie Dawson","Project Coordinator",835,921
RES543,PRJ078,"Mr Ian Davies",Developer,216,235
RES544,PRJ078,"Miss Molly Roberts","QA Analyst",187,184
RES545,PRJ078,"Jason Watson","Product Owner",844,958
RES546,PRJ078,"Katy Davies","Change Manager",726,887
RES547,PRJ079,"Andrew Clarke","Change Manager",489,354
RES548,PRJ079,"Josephine Owen","Project Coordinator",443,447
RES549,PRJ079,"Mrs Sylvia Dyer","Project Coordinator",266,313
RES550,PRJ079,"Jeffrey Patel","Project Coordinator",887,968
RES551,PRJ079,"Mr Mitchell Khan","Product Owner",415,361
RES552,PRJ079,"Dr Sally Brooks","Finance Analyst",395,412
RES553,PRJ079,"Amy Payne",Developer,234,287
RES554,PRJ080,"Rachael Weston","Technical Lead",883,741
RES555,PRJ080,"Darren Smith","Finance Analyst",609,712
RES556,PRJ080,"Lindsey Williams-Turner","Change Manager",926,651
RES557,PRJ080,"Rita Bell-Hughes","Finance Analyst",343,281
RES558,PRJ081,"Mary Davis","Finance Analyst",564,522
RES559,PRJ081,"Nicholas Sutton",Developer,715,736
RES560,PRJ081,"Samuel Barker","Data Analyst",660,562
RES561,PRJ081,"Dr Brett Ward","Change Manager",939,1083
RES562,PRJ081,"Harriet Freeman","Business Analyst",289,225
RES563,PRJ081,"Tracy Ellis-Bennett","QA Analyst",137,106
RES564,PRJ081,"Nicholas James","Business Analyst",783,797
RES565,PRJ081,"Nathan O'Neill","Technical Lead",405,357
RES566,PRJ081,"Diane Smith",Developer,150,113
RES567,PRJ082,"James Evans","Project Coordinator",788,674
RES568,PRJ082,"Jeffrey Jones","Technical Lead",686,777
RES569,PRJ082,"Gary Blackburn","Project Coordinator",566,629
RES570,PRJ082,"Charlotte Gordon","QA Analyst",136,102
RES571,PRJ082,"Shane Carey-Hilton",Engineer,430,388
RES572,PRJ083,"Mr Philip Page",Developer,876,819
RES573,PRJ083,"Alan Power","Change Manager",166,142
RES574,PRJ083,"Garry Ward","Project Coordinator",224,242
RES575,PRJ083,"Mr Gary Williams",Engineer,437,432
RES576,PRJ083,"Mr Benjamin Joyce","Change Manager",314,339
RES577,PRJ083,"Jennifer Wade-Hudson","Technical Lead",159,120
RES578,PRJ083,"Debra May","Change Manager",189,182
RES579,PRJ084,"Patrick Baker","Technical Lead",907,1126
RES580,PRJ084,"Sandra Woods-Walton",Engineer,537,555
RES581,PRJ084,"Aimee Stokes","QA Analyst",365,360
RES582,PRJ084,"Jordan Kerr","Technical Lead",462,558
RES583,PRJ084,"Naomi Howarth","Technical Lead",676,657
RES584,PRJ084,"Chloe Slater","Finance Analyst",604,691
RES585,PRJ084,"Josh Haynes-Bennett","Technical Lead",338,368
RES586,PRJ084,"Lauren Francis","Data Analyst",101,77
RES587,PRJ084,"Gerard Pritchard","Finance Analyst",740,842
RES588,PRJ085,"Jemma Fletcher","Data Analyst",918,953
RES589,PRJ085,"Stephen Stephenson","Product Owner",523,379
RES590,PRJ085,"Abdul Harris","QA Analyst",673,769
RES591,PRJ085,"Jodie Smith-Gough","Data Analyst",111,116
RES592,PRJ085,"Miss Carole Ford",Engineer,360,408
RES593,PRJ085,"Tracy Williams",Engineer,407,398
RES594,PRJ085,"Dale Martin","QA Analyst",885,622
RES595,PRJ085,"Steven Webster","QA Analyst",449,412
RES596,PRJ085,"Sam Hunter-Taylor","Technical Lead",730,896
RES597,PRJ086,"Ms Sheila Lewis","Project Coordinator",298,262
RES598,PRJ086,"Katherine Smith","QA Analyst",788,759
RES599,PRJ086,"Wendy Power","Finance Analyst",916,659
RES600,PRJ086,"Sophie Bentley","Project Coordinator",593,465
RES601,PRJ086,"Dr Catherine Hunt","Finance Analyst",985,980
RES602,PRJ086,"Maureen McDonald","QA Analyst",573,648
RES603,PRJ086,"Charles Barrett-Walsh","Product Owner",860,628
RES604,PRJ086,"Donald Morley","Change Manager",406,410
RES605,PRJ086,"Rachael Brown-Harding","QA Analyst",668,664
RES606,PRJ086,"Bernard Morgan","Data Analyst",691,744
RES607,PRJ087,"Eileen Ingram","QA Analyst",167,205
RES608,PRJ087,"Jean Hughes",Engineer,960,688
RES609,PRJ087,"Dr Gareth Wilkinson","Product Owner",741,736
RES610,PRJ087,"Mr Robin Macdonald","Project Coordinator",684,706
RES611,PRJ087,"Shannon Miller-Owen","Project Coordinator",709,541
RES612,PRJ087,"Mrs Ruth Moore",Engineer,822,963
RES613,PRJ087,"Miss Deborah Cooper","Business Analyst",378,350
RES614,PRJ087,"Henry White","Finance Analyst",998,829
RES615,PRJ087,"Maurice Talbot","Finance Analyst",949,1160
RES616,PRJ087,"Sophie North","Data Analyst",637,551
RES617,PRJ088,"Dr Ricky Singh","QA Analyst",903,650
RES618,PRJ088,"Mr Nigel Foster","Data Analyst",194,183
RES619,PRJ088,"Mrs Gemma Thomas","Business Analyst",918,886
RES620,PRJ088,"Mohammed Roberts-Reynolds","Change Manager",257,206
RES621,PRJ089,"Katy Lawrence","Change Manager",417,469
RES622,PRJ089,"Maureen Begum","Project Coordinator",887,1046
RES623,PRJ089,"Ms Lynn Scott","Change Manager",792,986
RES624,PRJ089,"Kieran Wright-O'Sullivan","Data Analyst",841,605
RES625,PRJ089,"Vincent Jones","Product Owner",830,975
RES626,PRJ089,"Kieran Jones",Developer,104,90
RES627,PRJ089,"Sheila Fry","Business Analyst",803,936
RES628,PRJ090,"Lynne Jackson",Developer,441,421
RES629,PRJ090,"Mr Joel Jones","Business Analyst",205,202
RES630,PRJ090,"Gregory Whitehead",Engineer,123,125
RES631,PRJ090,"Richard Jackson-Thompson",Engineer,754,897
RES632,PRJ090,"Dylan Russell","QA Analyst",305,245
RES633,PRJ090,"Ms Bethan Smith",Engineer,645,564
RES634,PRJ090,"Bruce Griffiths","Finance Analyst",787,601
RES635,PRJ090,"Beverley Sinclair","Project Coordinator",261,221
RES636,PRJ090,"Chelsea Marshall","Business Analyst",737,742
RES637,PRJ090,"Dr Emma Cole",Developer,311,310
RES638,PRJ091,"Stuart Moore","QA Analyst",377,293
RES639,PRJ091,"Shane Carey",Engineer,687,573
RES640,PRJ091,"Ms Fiona Walker",Developer,418,433
RES641,PRJ091,"Miss Annette Clements","QA Analyst",653,616
RES642,PRJ091,"Maurice Graham-Faulkner","Project Coordinator",129,123
RES643,PRJ091,"Cameron Lucas","Business Analyst",208,189
RES644,PRJ091,"Olivia Doherty",Developer,536,490
RES645,PRJ091,"Leanne Vaughan","Technical Lead",706,738
RES646,PRJ092,"Stuart Marshall-Jones","Finance Analyst",731,654
RES647,PRJ092,"Clive Moore","QA Analyst",937,758
RES648,PRJ092,"Dr Gareth Blake","Change Manager",180,222
RES649,PRJ092,"Abdul Palmer","Finance Analyst",681,526
RES650,PRJ092,"Miss Anne Harris","Finance Analyst",199,189
RES651,PRJ092,"Hannah Ward-Williams","Finance Analyst",581,480
RES652,PRJ092,"Marilyn Stevens-Finch","Data Analyst",247,289
RES653,PRJ092,"Heather Booth-Khan","Technical Lead",364,437
RES654,PRJ092,"Billy Smith","Product Owner",287,311
RES655,PRJ093,"Hollie Howe","QA Analyst",907,1064
RES656,PRJ093,"Frances Barnes","QA Analyst",564,546
RES657,PRJ093,"Chelsea Sheppard",Developer,586,446
RES658,PRJ093,"Adam Davies","Finance Analyst",572,666
RES659,PRJ093,"Sarah Arnold",Engineer,886,790
RES660,PRJ093,"Yvonne Riley","Technical Lead",230,225
RES661,PRJ093,"Shane Horton","Product Owner",937,1024
RES662,PRJ093,"Dr Shaun Hussain",Developer,433,435
RES663,PRJ093,"Tracey Riley",Developer,911,789
RES664,PRJ094,"Brenda Hicks","Product Owner",704,652
RES665,PRJ094,"Mr Nicholas Fletcher","Technical Lead",349,349
RES666,PRJ094,"Mr Jack Turner","Finance Analyst",493,363
RES667,PRJ094,"Dr Lucy Cross","Data Analyst",933,1009
RES668,PRJ094,"Dr Jack Bailey","Product Owner",903,1118
RES669,PRJ094,"Josh Dean","Technical Lead",906,804
RES670,PRJ094,"Miss Carole Scott","Data Analyst",277,294
RES671,PRJ095,"Marcus Hughes","Technical Lead",956,925
RES672,PRJ095,"Tina Jones","Technical Lead",710,677
RES673,PRJ095,"Victoria Butcher","Change Manager",199,229
RES674,PRJ095,"Bernard Brooks-Edwards","Project Coordinator",415,508
RES675,PRJ096,"Judith James","Technical Lead",211,227
RES676,PRJ096,"Tom Reed","Technical Lead",889,1023
RES677,PRJ096,"Irene Davis","QA Analyst",606,639
RES678,PRJ096,"Dr Molly Mills","Business Analyst",192,157
RES679,PRJ097,"Mrs Lucy Robinson","Technical Lead",873,916
RES680,PRJ097,"Shaun Hudson","Business Analyst",875,683
RES681,PRJ097,"Danielle Cooper","Project Coordinator",563,558
RES682,PRJ097,"Aaron Watson","Product Owner",730,743
RES683,PRJ097,"Eileen Wood-Brown","Data Analyst",310,333
RES684,PRJ098,"Jeremy Marshall",Engineer,683,776
RES685,PRJ098,"Charlene Iqbal",Engineer,545,596
RES686,PRJ098,"Tracy Stevenson-Kerr","QA Analyst",191,194
RES687,PRJ098,"Dean Marshall-Dawson","Technical Lead",622,573
RES688,PRJ098,"Sheila Flynn-Lloyd","Project Coordinator",972,837
RES689,PRJ098,"Marilyn Gould","QA Analyst",662,815
RES690,PRJ099,"Leon Patel-Campbell","Change Manager",940,1163
RES691,PRJ099,"Max Roberts",Developer,981,838
RES692,PRJ099,"Mr Harry Davies","Business Analyst",340,318
RES693,PRJ099,"Simon Carey","Technical Lead",503,525
RES694,PRJ100,"Jay Evans","Product Owner",515,468
RES695,PRJ100,"William Long","Change Manager",316,336
RES696,PRJ100,"Howard Howell","Finance Analyst",242,194
RES697,PRJ100,"Keith O'Brien","Product Owner",963,1163
RES698,PRJ100,"Dr Kevin Davies","Product Owner",257,220
RES699,PRJ100,"Iain Jones-Sutton","Project Coordinator",237,167
RES700,PRJ100,"Matthew Price","Business Analyst",247,270
RES701,PRJ100,"Gavin Murphy","Finance Analyst",773,726
RES702,PRJ100,"Heather Hall","Project Coordinator",186,144
RES703,PRJ101,"Dr Mark Frost","Product Owner",980,931
RES704,PRJ101,"Mr Raymond Whitehead","Technical Lead",535,557
RES705,PRJ101,"Kirsty Ward","Finance Analyst",621,579
RES706,PRJ101,"Kayleigh Turner","Finance Analyst",493,441
RES707,PRJ101,"Marie Higgins","Project Coordinator",534,551
RES708,PRJ101,"Ms Mary Miller","Technical Lead",610,711
RES709,PRJ101,"Brandon Robson-Patel","Data Analyst",829,809
RES710,PRJ101,"Dr Paige Patel","Product Owner",659,670
RES711,PRJ101,"Mohamed Gardiner","Business Analyst",138,139
RES712,PRJ101,"Jill Taylor","QA Analyst",215,219
RES713,PRJ102,"Louise Turner",Developer,245,269
RES714,PRJ102,"Ms Jade Lee","Change Manager",979,1214
RES715,PRJ102,"Mr Kieran Hall",Engineer,576,566
RES716,PRJ102,"Abdul Douglas-Lamb","Change Manager",724,542
RES717,PRJ102,"Catherine Hall","Finance Analyst",745,825
RES718,PRJ102,"Valerie Barrett",Developer,800,838
RES719,PRJ102,"William Higgins-Knowles","Technical Lead",419,434
RES720,PRJ102,"John Smith","QA Analyst",647,729
RES721,PRJ102,"Carol Wright","Finance Analyst",564,553
RES722,PRJ103,"Clifford Davies","Technical Lead",851,750
RES723,PRJ103,"Mr Adrian Cox","QA Analyst",917,790
RES724,PRJ103,"Dr Megan Powell","Project Coordinator",136,147
RES725,PRJ103,"Mr Brian Heath","Technical Lead",867,751
RES726,PRJ103,"Megan Sharp-Chandler","Technical Lead",366,268
RES727,PRJ103,"Miss Elaine Atkins","Finance Analyst",692,548
RES728,PRJ103,"Joyce Bishop","Business Analyst",772,960
RES729,PRJ104,"Miss Valerie Long","Technical Lead",127,108
RES730,PRJ104,"Nicholas Johnson",Developer,229,223
RES731,PRJ104,"Dr Jessica Page",Engineer,358,276
RES732,PRJ104,"Albert Palmer",Engineer,381,446
RES733,PRJ104,"Sam Booth","Business Analyst",859,654
RES734,PRJ104,"Ms Leanne Patel","Project Coordinator",705,780
RES735,PRJ104,"Dr Trevor Baker","Finance Analyst",478,546
RES736,PRJ104,"Carolyn Connor-Hall",Engineer,901,977
RES737,PRJ104,"Heather Ali","Finance Analyst",285,324
RES738,PRJ104,"Ms Georgina Smith","Business Analyst",451,559
RES739,PRJ105,"Maria Willis","Technical Lead",941,738
RES740,PRJ105,"Jeffrey Green","Finance Analyst",870,1084
RES741,PRJ105,"Neil Barnett-Patel","Product Owner",343,364
RES742,PRJ105,"Josh Thomas","Project Coordinator",315,320
RES743,PRJ105,"Barbara Nelson","QA Analyst",155,163
RES744,PRJ106,"Albert Moore",Developer,153,121
RES745,PRJ106,"Stuart Taylor","Product Owner",587,508
RES746,PRJ106,"Miss Linda Kelly","Change Manager",339,308
RES747,PRJ106,"Elizabeth Morris","Product Owner",585,493
RES748,PRJ106,"Dr Adrian Booth","Change Manager",991,930
RES749,PRJ106,"Timothy Frost-Smith",Engineer,916,867
RES750,PRJ106,"Miss Janice Hall","QA Analyst",642,690
RES751,PRJ106,"Antony Herbert","Business Analyst",199,239
RES752,PRJ106,"Dr Joan Gibson","QA Analyst",964,903
RES753,PRJ106,"Damian Carter-Potter",Engineer,443,375
RES754,PRJ107,"Sheila Webster",Developer,361,382
RES755,PRJ107,"Kim Taylor","Product Owner",572,643
RES756,PRJ107,"Liam Brown-Fisher","Data Analyst",851,910
RES757,PRJ107,"Gregory Peters","Data Analyst",632,559
RES758,PRJ107,"Ann Chapman-Wilson","Project Coordinator",420,420
RES759,PRJ107,"Adrian Morley","Business Analyst",951,701
RES760,PRJ107,"Glenn Haynes","Product Owner",200,197
RES761,PRJ107,"Dr Danny Cox","Finance Analyst",459,376
RES762,PRJ107,"Graham Hope",Engineer,357,287
RES763,PRJ107,"Ms Diane Atkinson","Business Analyst",734,550
RES764,PRJ108,"Colin Bell","Data Analyst",713,749
RES765,PRJ108,"Danny Andrews",Developer,188,220
RES766,PRJ108,"Andrew Bryant","Project Coordinator",484,513
RES767,PRJ108,"Hollie Parker","Technical Lead",922,1135
RES768,PRJ108,"Chelsea Khan",Developer,812,650
RES769,PRJ108,"Connor Townsend",Engineer,578,614
RES770,PRJ108,"Rebecca Lloyd",Developer,754,715
RES771,PRJ108,"Christian Howard",Engineer,887,829
RES772,PRJ109,"Brett McDonald","QA Analyst",363,286
RES773,PRJ109,"Hugh Jones",Developer,383,431
RES774,PRJ109,"Brenda Fisher","Product Owner",497,438
RES775,PRJ109,"Julie Hill","Business Analyst",364,446
RES776,PRJ109,"Sara Stewart-Brown",Engineer,282,265
RES777,PRJ109,"Dr Craig Dean","Finance Analyst",305,315
RES778,PRJ109,"Marian Bray","Project Coordinator",760,737
RES779,PRJ109,"Rosie Hill","Project Coordinator",653,733
RES780,PRJ109,"Dr Aaron James","Data Analyst",728,767
RES781,PRJ110,"Joanna Schofield",Engineer,205,147
RES782,PRJ110,"Lawrence Smith",Developer,685,753
RES783,PRJ110,"Nathan Hodgson-Finch","Finance Analyst",119,141
RES784,PRJ110,"Jill Chambers","Project Coordinator",768,808
RES785,PRJ110,"Andrew Green","Business Analyst",780,713
RES786,PRJ110,"Dr Julia Jones","Project Coordinator",816,719
RES787,PRJ110,"Christopher Campbell","Product Owner",688,483
RES788,PRJ111,"Rachael Brady","Finance Analyst",589,553
RES789,PRJ111,"Roger Armstrong",Developer,653,538
RES790,PRJ111,"Mr Arthur Bell","Product Owner",805,925
RES791,PRJ111,"Bethany Hutchinson","Finance Analyst",224,226
RES792,PRJ111,"Glen Jones-Parker","QA Analyst",441,474
RES793,PRJ111,"Amelia Bennett","Product Owner",156,163
RES794,PRJ111,"Lawrence Slater",Developer,474,471
RES795,PRJ111,"Sally Brown","QA Analyst",182,211
RES796,PRJ111,"Francesca Connor",Engineer,763,619
RES797,PRJ112,"Dr Ian Burns","Business Analyst",493,524
RES798,PRJ112,"Trevor Sullivan",Engineer,812,742
RES799,PRJ112,"Dr Declan Wheeler",Developer,745,803
RES800,PRJ112,"Dr Diane Pearson","Finance Analyst",186,220
RES801,PRJ112,"Simon Knight-Simpson","Finance Analyst",852,685
RES802,PRJ112,"Carol Williams","Business Analyst",297,212
RES803,PRJ112,"Mr Ronald Butler","Technical Lead",344,333
RES804,PRJ112,"Joel Frost",Developer,911,908
RES805,PRJ113,"Dr Stephen Thomson","Finance Analyst",646,795
RES806,PRJ113,"Dr Duncan Wilson","Finance Analyst",116,83
RES807,PRJ113,"Roy Williams","Business Analyst",445,504
RES808,PRJ113,"Iain Benson","Business Analyst",515,393
RES809,PRJ113,"Rosie Harris","Change Manager",569,692
RES810,PRJ113,"Deborah Reeves","Change Manager",252,279
RES811,PRJ114,"Janice Ellis",Developer,137,151
RES812,PRJ114,"Martin Cox","Finance Analyst",769,546
RES813,PRJ114,"Miss Michelle Green","Technical Lead",146,121
RES814,PRJ114,"Melissa Evans-Phillips","Project Coordinator",114,90
RES815,PRJ114,"Tracey Kay","Business Analyst",414,476
RES816,PRJ115,"Ricky Duffy","Finance Analyst",725,575
RES817,PRJ115,"Mrs Laura Archer","Technical Lead",165,189
RES818,PRJ115,"Jordan Anderson",Developer,216,210
RES819,PRJ115,"Dr Alex Brown","Technical Lead",325,238
RES820,PRJ116,"Dr Patricia Wood","Product Owner",445,510
RES821,PRJ116,"Adrian Bradshaw","Product Owner",432,331
RES822,PRJ116,"Amelia Palmer","Technical Lead",658,510
RES823,PRJ116,"Wendy Hodgson","Data Analyst",882,639
RES824,PRJ116,"Liam Collins","Project Coordinator",443,325
RES825,PRJ117,"Miss Anna Hodgson","Project Coordinator",875,812
RES826,PRJ117,"Mr Jeremy Smith","QA Analyst",666,526
RES827,PRJ117,"Aimee Hughes","Data Analyst",695,502
RES828,PRJ117,"Nigel Murphy",Developer,910,1061
RES829,PRJ117,"Kathleen Bailey","Technical Lead",485,546
RES830,PRJ117,"Miss Rosie Palmer","Business Analyst",1000,967
RES831,PRJ118,"Dr Gerald Shepherd","Business Analyst",283,342
RES832,PRJ118,"Mr Kieran Potter","Technical Lead",390,362
RES833,PRJ118,"Oliver Jones-Williamson","Finance Analyst",808,621
RES834,PRJ118,"Miss Donna Newman","Project Coordinator",755,641
RES835,PRJ119,"Duncan Morgan","Product Owner",344,418
RES836,PRJ119,"Mr Ben Patel","Technical Lead",808,582
RES837,PRJ119,"Dr Justin Clark","Project Coordinator",834,813
RES838,PRJ119,"Oliver Wright",Developer,742,856
RES839,PRJ119,"George Richardson",Engineer,456,424
RES840,PRJ119,"James Watson","Change Manager",341,274
RES841,PRJ119,"Owen Kelly","Change Manager",197,204
RES842,PRJ120,"Dr Denis Rees","Change Manager",619,507
RES843,PRJ120,"Dr Tom Morley","Data Analyst",383,279
RES844,PRJ120,"Derek Smith",Developer,915,715
RES845,PRJ120,"Martin Edwards","Finance Analyst",609,485
RES846,PRJ120,"Dr Alan Patterson","Business Analyst",155,163
RES847,PRJ120,"Shane Jackson",Engineer,314,294
RES848,PRJ120,"Howard Bennett","QA Analyst",731,835
RES849,PRJ120,"Dr Abdul Sims","Finance Analyst",144,109
RES850,PRJ120,"Mrs Michelle Hilton","Business Analyst",650,517
RES851,PRJ120,"Brett Evans","Business Analyst",596,585
